{
    "materials": [{
        "colorSpecular": [0.5,0.5,0.5],
        "DbgIndex": 0,
        "DbgColor": 15658734,
        "opacity": 1,
        "shading": "phong",
        "mapDiffuseWrap": ["RepeatWrapping","RepeatWrapping"],
        "transparent": false,
        "colorAmbient": [0.64,0.64,0.64],
        "mapDiffuse": "Mosaic GS.jpg",
        "visible": true,
        "mapDiffuseRepeat": [1,1],
        "wireframe": false,
        "depthWrite": true,
        "blending": "NormalBlending",
        "mapDiffuseAnisotropy": 1,
        "DbgName": "Material.003",
        "colorEmissive": [0,0,0],
        "colorDiffuse": [0.64,0.64,0.64],
        "depthTest": true,
        "specularCoef": 50
    },{
        "colorSpecular": [0.5,0.5,0.5],
        "DbgIndex": 1,
        "DbgColor": 15597568,
        "opacity": 1,
        "shading": "phong",
        "transparent": false,
        "colorAmbient": [0.64,0.018931,0.032999],
        "visible": true,
        "wireframe": false,
        "depthWrite": true,
        "blending": "NormalBlending",
        "DbgName": "Material.001",
        "colorEmissive": [0,0,0],
        "colorDiffuse": [0.64,0.018931,0.032999],
        "depthTest": true,
        "specularCoef": 50
    },{
        "colorSpecular": [0.5,0.5,0.5],
        "DbgIndex": 2,
        "DbgColor": 60928,
        "opacity": 1,
        "shading": "phong",
        "transparent": false,
        "colorAmbient": [0.004765,0.003282,0.64],
        "visible": true,
        "wireframe": false,
        "depthWrite": true,
        "blending": "NormalBlending",
        "DbgName": "Material.002",
        "colorEmissive": [0,0,0],
        "colorDiffuse": [0.004765,0.003282,0.64],
        "depthTest": true,
        "specularCoef": 50
    }],
    "vertices": [1,-1,-1,1,-1,1,-1,-1,1,-1,-1,-1,1,1,-1,0.999999,1,1,-1,1,1,-1,1,-1,-3.94467,-1,1,-3.94467,1,1,-3.94467,-1,-1,-3.94467,1,-1,-1.94467,-1,1,-1.94467,1,1,-1.94467,-1,-1,-1.94467,1,-1,-1,-1,-2.27186,-1,1,-2.27186,-1,-1,-4.27186,-1,1,-4.27186,1,-1,-2.27186,1,1,-2.27186,1,-1,-4.27186,1,1,-4.27186],
    "uvs": [[0,0.333333,0.333333,0.333333,0.333333,0.666667,0,0.666667,0.666667,0,0.666667,0.333333,0.333334,0.333333,0.333333,0,0.333333,1,0,1,0,0.666667,0.333333,0.666667,0.333333,0.666667,0.333333,0.333334,0.666667,0.333333,0.666667,0.666667,0.333333,0.333333,0,0.333333,0,0,0.333333,0,0.666667,0,1,0,1,0.333333,0,0]],
    "normals": [0.577349,-0.577349,-0.577349,0.577349,-0.577349,0.577349,-0.577349,-0.577349,0.577349,-0.577349,-0.577349,-0.577349,0.577349,0.577349,-0.577349,-0.577349,0.577349,-0.577349,-0.577349,0.577349,0.577349,0.577349,0.577349,0.577349],
    "faces": [43,0,1,2,3,0,0,1,2,3,0,1,2,3,43,4,7,6,5,0,4,5,6,7,4,5,6,7,43,0,4,5,1,0,8,9,10,11,0,4,7,1,43,1,5,6,2,0,12,13,14,15,1,7,6,2,43,2,6,7,3,0,16,17,18,19,2,6,5,3,43,4,0,3,7,0,20,21,22,5,4,0,3,5,43,8,9,11,10,1,23,23,23,23,2,6,5,3,43,10,11,15,14,1,23,23,23,23,3,5,4,0,43,14,15,13,12,1,23,23,23,23,0,4,7,1,43,12,13,9,8,1,23,23,23,23,1,7,6,2,43,10,14,12,8,1,23,23,23,23,3,0,1,2,43,15,11,9,13,1,23,23,23,23,4,5,6,7,43,16,17,19,18,2,23,23,23,23,2,6,5,3,43,18,19,23,22,2,23,23,23,23,3,5,4,0,43,22,23,21,20,2,23,23,23,23,0,4,7,1,43,20,21,17,16,2,23,23,23,23,1,7,6,2,43,18,22,20,16,2,23,23,23,23,3,0,1,2,43,23,19,17,21,2,23,23,23,23,4,5,6,7],
    "name": "Cube.001Geometry",
    "metadata": {
        "materials": 3,
        "type": "Geometry",
        "normals": 8,
        "generator": "io_three",
        "faces": 18,
        "uvs": 1,
        "vertices": 24,
        "version": 3
    }
}